arquivo,codificacao,n_colunas,colunas
br-capes-colsucup-discentes-2021-2025-03-31.csv,cp1252,37,AN_BASE|NM_GRANDE_AREA_CONHECIMENTO|CD_AREA_AVALIACAO|NM_AREA_AVALIACAO|CD_ENTIDADE_CAPES|CD_ENTIDADE_EMEC|SG_ENTIDADE_ENSINO|NM_ENTIDADE_ENSINO|CS_STATUS_JURIDICO|DS_DEPENDENCIA_ADMINISTRATIVA|NM_MODALIDADE_PROGRAMA|NM_GRAU_PROGRAMA|CD_PROGRAMA_IES|NM_PROGRAMA_IES|NM_REGIAO|SG_UF_PROGRAMA|NM_MUNICIPIO_PROGRAMA_IES|CD_CONCEITO_PROGRAMA|CD_CONCEITO_CURSO|ID_PESSOA|TP_DOCUMENTO_DISCENTE|NR_DOCUMENTO_DISCENTE|NM_DISCENTE|NM_PAIS_NACIONALIDADE_DISCENTE|DS_TIPO_NACIONALIDADE_DISCENTE|AN_NASCIMENTO_DISCENTE|DS_FAIXA_ETARIA|DS_GRAU_ACADEMICO_DISCENTE|ST_INGRESSANTE|NM_SITUACAO_DISCENTE|DT_MATRICULA_DISCENTE|DT_SITUACAO_DISCENTE|QT_MES_TITULACAO|NM_TESE_DISSERTACAO|NM_ORIENTADOR_PRINCIPAL|ID_ADD_FOTO_PROGRAMA|ID_ADD_FOTO_PROGRAMA_IES
br-capes-colsucup-discentes-2022-2025-03-31.csv,cp1252,37,AN_BASE|NM_GRANDE_AREA_CONHECIMENTO|CD_AREA_AVALIACAO|NM_AREA_AVALIACAO|CD_ENTIDADE_CAPES|CD_ENTIDADE_EMEC|SG_ENTIDADE_ENSINO|NM_ENTIDADE_ENSINO|CS_STATUS_JURIDICO|DS_DEPENDENCIA_ADMINISTRATIVA|NM_MODALIDADE_PROGRAMA|NM_GRAU_PROGRAMA|CD_PROGRAMA_IES|NM_PROGRAMA_IES|NM_REGIAO|SG_UF_PROGRAMA|NM_MUNICIPIO_PROGRAMA_IES|CD_CONCEITO_PROGRAMA|CD_CONCEITO_CURSO|ID_PESSOA|TP_DOCUMENTO_DISCENTE|NR_DOCUMENTO_DISCENTE|NM_DISCENTE|NM_PAIS_NACIONALIDADE_DISCENTE|DS_TIPO_NACIONALIDADE_DISCENTE|AN_NASCIMENTO_DISCENTE|DS_FAIXA_ETARIA|DS_GRAU_ACADEMICO_DISCENTE|ST_INGRESSANTE|NM_SITUACAO_DISCENTE|DT_MATRICULA_DISCENTE|DT_SITUACAO_DISCENTE|QT_MES_TITULACAO|NM_TESE_DISSERTACAO|NM_ORIENTADOR_PRINCIPAL|ID_ADD_FOTO_PROGRAMA|ID_ADD_FOTO_PROGRAMA_IES
br-capes-colsucup-discentes-2022-2025-03-31.csv,latin-1,37,AN_BASE|NM_GRANDE_AREA_CONHECIMENTO|CD_AREA_AVALIACAO|NM_AREA_AVALIACAO|CD_ENTIDADE_CAPES|CD_ENTIDADE_EMEC|SG_ENTIDADE_ENSINO|NM_ENTIDADE_ENSINO|CS_STATUS_JURIDICO|DS_DEPENDENCIA_ADMINISTRATIVA|NM_MODALIDADE_PROGRAMA|NM_GRAU_PROGRAMA|CD_PROGRAMA_IES|NM_PROGRAMA_IES|NM_REGIAO|SG_UF_PROGRAMA|NM_MUNICIPIO_PROGRAMA_IES|CD_CONCEITO_PROGRAMA|CD_CONCEITO_CURSO|ID_PESSOA|TP_DOCUMENTO_DISCENTE|NR_DOCUMENTO_DISCENTE|NM_DISCENTE|NM_PAIS_NACIONALIDADE_DISCENTE|DS_TIPO_NACIONALIDADE_DISCENTE|AN_NASCIMENTO_DISCENTE|DS_FAIXA_ETARIA|DS_GRAU_ACADEMICO_DISCENTE|ST_INGRESSANTE|NM_SITUACAO_DISCENTE|DT_MATRICULA_DISCENTE|DT_SITUACAO_DISCENTE|QT_MES_TITULACAO|NM_TESE_DISSERTACAO|NM_ORIENTADOR_PRINCIPAL|ID_ADD_FOTO_PROGRAMA|ID_ADD_FOTO_PROGRAMA_IES
br-capes-colsucup-discentes-2023-2025-03-31.csv,cp1252,37,AN_BASE|NM_GRANDE_AREA_CONHECIMENTO|CD_AREA_AVALIACAO|NM_AREA_AVALIACAO|CD_ENTIDADE_CAPES|CD_ENTIDADE_EMEC|SG_ENTIDADE_ENSINO|NM_ENTIDADE_ENSINO|CS_STATUS_JURIDICO|DS_DEPENDENCIA_ADMINISTRATIVA|NM_MODALIDADE_PROGRAMA|NM_GRAU_PROGRAMA|CD_PROGRAMA_IES|NM_PROGRAMA_IES|NM_REGIAO|SG_UF_PROGRAMA|NM_MUNICIPIO_PROGRAMA_IES|CD_CONCEITO_PROGRAMA|CD_CONCEITO_CURSO|ID_PESSOA|TP_DOCUMENTO_DISCENTE|NR_DOCUMENTO_DISCENTE|NM_DISCENTE|NM_PAIS_NACIONALIDADE_DISCENTE|DS_TIPO_NACIONALIDADE_DISCENTE|AN_NASCIMENTO_DISCENTE|DS_FAIXA_ETARIA|DS_GRAU_ACADEMICO_DISCENTE|ST_INGRESSANTE|NM_SITUACAO_DISCENTE|DT_MATRICULA_DISCENTE|DT_SITUACAO_DISCENTE|QT_MES_TITULACAO|NM_TESE_DISSERTACAO|NM_ORIENTADOR_PRINCIPAL|ID_ADD_FOTO_PROGRAMA|ID_ADD_FOTO_PROGRAMA_IES
br-capes-colsucup-discentes-2023-2025-03-31.csv,latin-1,37,AN_BASE|NM_GRANDE_AREA_CONHECIMENTO|CD_AREA_AVALIACAO|NM_AREA_AVALIACAO|CD_ENTIDADE_CAPES|CD_ENTIDADE_EMEC|SG_ENTIDADE_ENSINO|NM_ENTIDADE_ENSINO|CS_STATUS_JURIDICO|DS_DEPENDENCIA_ADMINISTRATIVA|NM_MODALIDADE_PROGRAMA|NM_GRAU_PROGRAMA|CD_PROGRAMA_IES|NM_PROGRAMA_IES|NM_REGIAO|SG_UF_PROGRAMA|NM_MUNICIPIO_PROGRAMA_IES|CD_CONCEITO_PROGRAMA|CD_CONCEITO_CURSO|ID_PESSOA|TP_DOCUMENTO_DISCENTE|NR_DOCUMENTO_DISCENTE|NM_DISCENTE|NM_PAIS_NACIONALIDADE_DISCENTE|DS_TIPO_NACIONALIDADE_DISCENTE|AN_NASCIMENTO_DISCENTE|DS_FAIXA_ETARIA|DS_GRAU_ACADEMICO_DISCENTE|ST_INGRESSANTE|NM_SITUACAO_DISCENTE|DT_MATRICULA_DISCENTE|DT_SITUACAO_DISCENTE|QT_MES_TITULACAO|NM_TESE_DISSERTACAO|NM_ORIENTADOR_PRINCIPAL|ID_ADD_FOTO_PROGRAMA|ID_ADD_FOTO_PROGRAMA_IES
br-capes-colsucup-discentes-2024-2025-12-01.csv,cp1252,37,AN_BASE|NM_GRANDE_AREA_CONHECIMENTO|CD_AREA_AVALIACAO|NM_AREA_AVALIACAO|CD_ENTIDADE_CAPES|CD_ENTIDADE_EMEC|SG_ENTIDADE_ENSINO|NM_ENTIDADE_ENSINO|CS_STATUS_JURIDICO|DS_DEPENDENCIA_ADMINISTRATIVA|NM_MODALIDADE_PROGRAMA|NM_GRAU_PROGRAMA|CD_PROGRAMA_IES|NM_PROGRAMA_IES|NM_REGIAO|SG_UF_PROGRAMA|NM_MUNICIPIO_PROGRAMA_IES|CD_CONCEITO_PROGRAMA|CD_CONCEITO_CURSO|ID_PESSOA|TP_DOCUMENTO_DISCENTE|NR_DOCUMENTO_DISCENTE|NM_DISCENTE|NM_PAIS_NACIONALIDADE_DISCENTE|DS_TIPO_NACIONALIDADE_DISCENTE|AN_NASCIMENTO_DISCENTE|DS_FAIXA_ETARIA|DS_GRAU_ACADEMICO_DISCENTE|ST_INGRESSANTE|NM_SITUACAO_DISCENTE|DT_MATRICULA_DISCENTE|DT_SITUACAO_DISCENTE|QT_MES_TITULACAO|NM_TESE_DISSERTACAO|NM_ORIENTADOR_PRINCIPAL|ID_ADD_FOTO_PROGRAMA|ID_ADD_FOTO_PROGRAMA_IES
br-capes-colsucup-discentes-2013-2021-03-01.csv,cp1252,37,AN_BASE|NM_GRANDE_AREA_CONHECIMENTO|CD_AREA_AVALIACAO|NM_AREA_AVALIACAO|CD_ENTIDADE_CAPES|CD_ENTIDADE_EMEC|SG_ENTIDADE_ENSINO|NM_ENTIDADE_ENSINO|CS_STATUS_JURIDICO|DS_DEPENDENCIA_ADMINISTRATIVA|NM_MODALIDADE_PROGRAMA|NM_GRAU_PROGRAMA|CD_PROGRAMA_IES|NM_PROGRAMA_IES|NM_REGIAO|SG_UF_PROGRAMA|NM_MUNICIPIO_PROGRAMA_IES|CD_CONCEITO_PROGRAMA|CD_CONCEITO_CURSO|ID_PESSOA|TP_DOCUMENTO_DISCENTE|NR_DOCUMENTO_DISCENTE|NM_DISCENTE|NM_PAIS_NACIONALIDADE_DISCENTE|DS_TIPO_NACIONALIDADE_DISCENTE|AN_NASCIMENTO_DISCENTE|DS_FAIXA_ETARIA|DS_GRAU_ACADEMICO_DISCENTE|ST_INGRESSANTE|NM_SITUACAO_DISCENTE|DT_MATRICULA_DISCENTE|DT_SITUACAO_DISCENTE|QT_MES_TITULACAO|NM_TESE_DISSERTACAO|NM_ORIENTADOR|ID_ADD_FOTO_PROGRAMA|ID_ADD_FOTO_PROGRAMA_IES
br-capes-colsucup-discentes-2014-2021-03-01.csv,cp1252,37,AN_BASE|NM_GRANDE_AREA_CONHECIMENTO|CD_AREA_AVALIACAO|NM_AREA_AVALIACAO|CD_ENTIDADE_CAPES|CD_ENTIDADE_EMEC|SG_ENTIDADE_ENSINO|NM_ENTIDADE_ENSINO|CS_STATUS_JURIDICO|DS_DEPENDENCIA_ADMINISTRATIVA|NM_MODALIDADE_PROGRAMA|NM_GRAU_PROGRAMA|CD_PROGRAMA_IES|NM_PROGRAMA_IES|NM_REGIAO|SG_UF_PROGRAMA|NM_MUNICIPIO_PROGRAMA_IES|CD_CONCEITO_PROGRAMA|CD_CONCEITO_CURSO|ID_PESSOA|TP_DOCUMENTO_DISCENTE|NR_DOCUMENTO_DISCENTE|NM_DISCENTE|NM_PAIS_NACIONALIDADE_DISCENTE|DS_TIPO_NACIONALIDADE_DISCENTE|AN_NASCIMENTO_DISCENTE|DS_FAIXA_ETARIA|DS_GRAU_ACADEMICO_DISCENTE|ST_INGRESSANTE|NM_SITUACAO_DISCENTE|DT_MATRICULA_DISCENTE|DT_SITUACAO_DISCENTE|QT_MES_TITULACAO|NM_TESE_DISSERTACAO|NM_ORIENTADOR|ID_ADD_FOTO_PROGRAMA|ID_ADD_FOTO_PROGRAMA_IES
br-capes-colsucup-discentes-2015-2021-03-01.csv,cp1252,37,AN_BASE|NM_GRANDE_AREA_CONHECIMENTO|CD_AREA_AVALIACAO|NM_AREA_AVALIACAO|CD_ENTIDADE_CAPES|CD_ENTIDADE_EMEC|SG_ENTIDADE_ENSINO|NM_ENTIDADE_ENSINO|CS_STATUS_JURIDICO|DS_DEPENDENCIA_ADMINISTRATIVA|NM_MODALIDADE_PROGRAMA|NM_GRAU_PROGRAMA|CD_PROGRAMA_IES|NM_PROGRAMA_IES|NM_REGIAO|SG_UF_PROGRAMA|NM_MUNICIPIO_PROGRAMA_IES|CD_CONCEITO_PROGRAMA|CD_CONCEITO_CURSO|ID_PESSOA|TP_DOCUMENTO_DISCENTE|NR_DOCUMENTO_DISCENTE|NM_DISCENTE|NM_PAIS_NACIONALIDADE_DISCENTE|DS_TIPO_NACIONALIDADE_DISCENTE|AN_NASCIMENTO_DISCENTE|DS_FAIXA_ETARIA|DS_GRAU_ACADEMICO_DISCENTE|ST_INGRESSANTE|NM_SITUACAO_DISCENTE|DT_MATRICULA_DISCENTE|DT_SITUACAO_DISCENTE|QT_MES_TITULACAO|NM_TESE_DISSERTACAO|NM_ORIENTADOR|ID_ADD_FOTO_PROGRAMA|ID_ADD_FOTO_PROGRAMA_IES
br-capes-colsucup-discentes-2016-2021-03-01.csv,cp1252,37,AN_BASE|NM_GRANDE_AREA_CONHECIMENTO|CD_AREA_AVALIACAO|NM_AREA_AVALIACAO|CD_ENTIDADE_CAPES|CD_ENTIDADE_EMEC|SG_ENTIDADE_ENSINO|NM_ENTIDADE_ENSINO|CS_STATUS_JURIDICO|DS_DEPENDENCIA_ADMINISTRATIVA|NM_MODALIDADE_PROGRAMA|NM_GRAU_PROGRAMA|CD_PROGRAMA_IES|NM_PROGRAMA_IES|NM_REGIAO|SG_UF_PROGRAMA|NM_MUNICIPIO_PROGRAMA_IES|CD_CONCEITO_PROGRAMA|CD_CONCEITO_CURSO|ID_PESSOA|TP_DOCUMENTO_DISCENTE|NR_DOCUMENTO_DISCENTE|NM_DISCENTE|NM_PAIS_NACIONALIDADE_DISCENTE|DS_TIPO_NACIONALIDADE_DISCENTE|AN_NASCIMENTO_DISCENTE|DS_FAIXA_ETARIA|DS_GRAU_ACADEMICO_DISCENTE|ST_INGRESSANTE|NM_SITUACAO_DISCENTE|DT_MATRICULA_DISCENTE|DT_SITUACAO_DISCENTE|QT_MES_TITULACAO|NM_TESE_DISSERTACAO|NM_ORIENTADOR|ID_ADD_FOTO_PROGRAMA|ID_ADD_FOTO_PROGRAMA_IES
br-capes-colsucup-discentes-2017-2023-12-01.csv,cp1252,37,AN_BASE|NM_GRANDE_AREA_CONHECIMENTO|CD_AREA_AVALIACAO|NM_AREA_AVALIACAO|CD_ENTIDADE_CAPES|CD_ENTIDADE_EMEC|SG_ENTIDADE_ENSINO|NM_ENTIDADE_ENSINO|CS_STATUS_JURIDICO|DS_DEPENDENCIA_ADMINISTRATIVA|NM_MODALIDADE_PROGRAMA|NM_GRAU_PROGRAMA|CD_PROGRAMA_IES|NM_PROGRAMA_IES|NM_REGIAO|SG_UF_PROGRAMA|NM_MUNICIPIO_PROGRAMA_IES|CD_CONCEITO_PROGRAMA|CD_CONCEITO_CURSO|ID_PESSOA|TP_DOCUMENTO_DISCENTE|NR_DOCUMENTO_DISCENTE|NM_DISCENTE|NM_PAIS_NACIONALIDADE_DISCENTE|DS_TIPO_NACIONALIDADE_DISCENTE|AN_NASCIMENTO_DISCENTE|DS_FAIXA_ETARIA|DS_GRAU_ACADEMICO_DISCENTE|ST_INGRESSANTE|NM_SITUACAO_DISCENTE|DT_MATRICULA_DISCENTE|DT_SITUACAO_DISCENTE|QT_MES_TITULACAO|NM_TESE_DISSERTACAO|NM_ORIENTADOR_PRINCIPAL|ID_ADD_FOTO_PROGRAMA|ID_ADD_FOTO_PROGRAMA_IES
br-capes-colsucup-discentes-2018-2023-12-01.csv,cp1252,37,AN_BASE|NM_GRANDE_AREA_CONHECIMENTO|CD_AREA_AVALIACAO|NM_AREA_AVALIACAO|CD_ENTIDADE_CAPES|CD_ENTIDADE_EMEC|SG_ENTIDADE_ENSINO|NM_ENTIDADE_ENSINO|CS_STATUS_JURIDICO|DS_DEPENDENCIA_ADMINISTRATIVA|NM_MODALIDADE_PROGRAMA|NM_GRAU_PROGRAMA|CD_PROGRAMA_IES|NM_PROGRAMA_IES|NM_REGIAO|SG_UF_PROGRAMA|NM_MUNICIPIO_PROGRAMA_IES|CD_CONCEITO_PROGRAMA|CD_CONCEITO_CURSO|ID_PESSOA|TP_DOCUMENTO_DISCENTE|NR_DOCUMENTO_DISCENTE|NM_DISCENTE|NM_PAIS_NACIONALIDADE_DISCENTE|DS_TIPO_NACIONALIDADE_DISCENTE|AN_NASCIMENTO_DISCENTE|DS_FAIXA_ETARIA|DS_GRAU_ACADEMICO_DISCENTE|ST_INGRESSANTE|NM_SITUACAO_DISCENTE|DT_MATRICULA_DISCENTE|DT_SITUACAO_DISCENTE|QT_MES_TITULACAO|NM_TESE_DISSERTACAO|NM_ORIENTADOR_PRINCIPAL|ID_ADD_FOTO_PROGRAMA|ID_ADD_FOTO_PROGRAMA_IES
br-capes-colsucup-discentes-2019-2023-12-01.csv,cp1252,37,AN_BASE|NM_GRANDE_AREA_CONHECIMENTO|CD_AREA_AVALIACAO|NM_AREA_AVALIACAO|CD_ENTIDADE_CAPES|CD_ENTIDADE_EMEC|SG_ENTIDADE_ENSINO|NM_ENTIDADE_ENSINO|CS_STATUS_JURIDICO|DS_DEPENDENCIA_ADMINISTRATIVA|NM_MODALIDADE_PROGRAMA|NM_GRAU_PROGRAMA|CD_PROGRAMA_IES|NM_PROGRAMA_IES|NM_REGIAO|SG_UF_PROGRAMA|NM_MUNICIPIO_PROGRAMA_IES|CD_CONCEITO_PROGRAMA|CD_CONCEITO_CURSO|ID_PESSOA|TP_DOCUMENTO_DISCENTE|NR_DOCUMENTO_DISCENTE|NM_DISCENTE|NM_PAIS_NACIONALIDADE_DISCENTE|DS_TIPO_NACIONALIDADE_DISCENTE|AN_NASCIMENTO_DISCENTE|DS_FAIXA_ETARIA|DS_GRAU_ACADEMICO_DISCENTE|ST_INGRESSANTE|NM_SITUACAO_DISCENTE|DT_MATRICULA_DISCENTE|DT_SITUACAO_DISCENTE|QT_MES_TITULACAO|NM_TESE_DISSERTACAO|NM_ORIENTADOR_PRINCIPAL|ID_ADD_FOTO_PROGRAMA|ID_ADD_FOTO_PROGRAMA_IES
br-capes-colsucup-discentes-2019-2023-12-01.csv,latin-1,37,AN_BASE|NM_GRANDE_AREA_CONHECIMENTO|CD_AREA_AVALIACAO|NM_AREA_AVALIACAO|CD_ENTIDADE_CAPES|CD_ENTIDADE_EMEC|SG_ENTIDADE_ENSINO|NM_ENTIDADE_ENSINO|CS_STATUS_JURIDICO|DS_DEPENDENCIA_ADMINISTRATIVA|NM_MODALIDADE_PROGRAMA|NM_GRAU_PROGRAMA|CD_PROGRAMA_IES|NM_PROGRAMA_IES|NM_REGIAO|SG_UF_PROGRAMA|NM_MUNICIPIO_PROGRAMA_IES|CD_CONCEITO_PROGRAMA|CD_CONCEITO_CURSO|ID_PESSOA|TP_DOCUMENTO_DISCENTE|NR_DOCUMENTO_DISCENTE|NM_DISCENTE|NM_PAIS_NACIONALIDADE_DISCENTE|DS_TIPO_NACIONALIDADE_DISCENTE|AN_NASCIMENTO_DISCENTE|DS_FAIXA_ETARIA|DS_GRAU_ACADEMICO_DISCENTE|ST_INGRESSANTE|NM_SITUACAO_DISCENTE|DT_MATRICULA_DISCENTE|DT_SITUACAO_DISCENTE|QT_MES_TITULACAO|NM_TESE_DISSERTACAO|NM_ORIENTADOR_PRINCIPAL|ID_ADD_FOTO_PROGRAMA|ID_ADD_FOTO_PROGRAMA_IES
br-capes-colsucup-discentes-2020-2023-12-01.csv,cp1252,37,AN_BASE|NM_GRANDE_AREA_CONHECIMENTO|CD_AREA_AVALIACAO|NM_AREA_AVALIACAO|CD_ENTIDADE_CAPES|CD_ENTIDADE_EMEC|SG_ENTIDADE_ENSINO|NM_ENTIDADE_ENSINO|CS_STATUS_JURIDICO|DS_DEPENDENCIA_ADMINISTRATIVA|NM_MODALIDADE_PROGRAMA|NM_GRAU_PROGRAMA|CD_PROGRAMA_IES|NM_PROGRAMA_IES|NM_REGIAO|SG_UF_PROGRAMA|NM_MUNICIPIO_PROGRAMA_IES|CD_CONCEITO_PROGRAMA|CD_CONCEITO_CURSO|ID_PESSOA|TP_DOCUMENTO_DISCENTE|NR_DOCUMENTO_DISCENTE|NM_DISCENTE|NM_PAIS_NACIONALIDADE_DISCENTE|DS_TIPO_NACIONALIDADE_DISCENTE|AN_NASCIMENTO_DISCENTE|DS_FAIXA_ETARIA|DS_GRAU_ACADEMICO_DISCENTE|ST_INGRESSANTE|NM_SITUACAO_DISCENTE|DT_MATRICULA_DISCENTE|DT_SITUACAO_DISCENTE|QT_MES_TITULACAO|NM_TESE_DISSERTACAO|NM_ORIENTADOR_PRINCIPAL|ID_ADD_FOTO_PROGRAMA|ID_ADD_FOTO_PROGRAMA_IES
br-capes-colsucup-discentes-2004-2021-03-01.csv,cp1252,31,AN_BASE|SG_ENTIDADE_ENSINO|NM_ENTIDADE_ENSINO|CS_STATUS_JURIDICO|NM_REGIAO_ENTIDADE|SG_UF_ENTIDADE_ENSINO|CD_PROGRAMA_IES|NM_PROGRAMA_IES|NM_MODALIDADE_PROGRAMA|NM_NIVEL_PROGRAMA|CD_AREA_AVALIACAO|NM_AREA_AVALIACAO|NR_SEQUENCIAL_DISCENTE|NM_DISCENTE|NM_PAIS_ORIGEM_DISCENTE|AN_NASCIMENTO_DISCENTE|NR_IDADE_DISCENTE|DS_FAIXA_ETARIA_DISCENTE|AN_MATRICULA_DISCENTE|ME_MATRICULA_DISCENTE|NM_SITUACAO_DISCENTE|AN_SITUACAO_DISCENTE|ME_SITUACAO_DISCENTE|NM_NIVEL_TITULACAO_DISCENTE|NM_NIVEL_CONCLUSAO_DISCENTE|NR_SEQUENCIAL_TESE|NM_TESE_DISSERTACAO|DT_TESE_DISSERTACAO|NR_SEQ_ORIENTADOR_PRINCIPAL|NM_ORIENTADOR_PRINCIPAL|NM_TIPO_DOCENTE_ORIENT_PRINC
br-capes-colsucup-discentes-2005-2021-03-01.csv,cp1252,31,AN_BASE|SG_ENTIDADE_ENSINO|NM_ENTIDADE_ENSINO|CS_STATUS_JURIDICO|NM_REGIAO_ENTIDADE|SG_UF_ENTIDADE_ENSINO|CD_PROGRAMA_IES|NM_PROGRAMA_IES|NM_MODALIDADE_PROGRAMA|NM_NIVEL_PROGRAMA|CD_AREA_AVALIACAO|NM_AREA_AVALIACAO|NR_SEQUENCIAL_DISCENTE|NM_DISCENTE|NM_PAIS_ORIGEM_DISCENTE|AN_NASCIMENTO_DISCENTE|NR_IDADE_DISCENTE|DS_FAIXA_ETARIA_DISCENTE|AN_MATRICULA_DISCENTE|ME_MATRICULA_DISCENTE|NM_SITUACAO_DISCENTE|AN_SITUACAO_DISCENTE|ME_SITUACAO_DISCENTE|NM_NIVEL_TITULACAO_DISCENTE|NM_NIVEL_CONCLUSAO_DISCENTE|NR_SEQUENCIAL_TESE|NM_TESE_DISSERTACAO|DT_TESE_DISSERTACAO|NR_SEQ_ORIENTADOR_PRINCIPAL|NM_ORIENTADOR_PRINCIPAL|NM_TIPO_DOCENTE_ORIENT_PRINC
br-capes-colsucup-discentes-2006-2021-03-01.csv,cp1252,31,AN_BASE|SG_ENTIDADE_ENSINO|NM_ENTIDADE_ENSINO|CS_STATUS_JURIDICO|NM_REGIAO_ENTIDADE|SG_UF_ENTIDADE_ENSINO|CD_PROGRAMA_IES|NM_PROGRAMA_IES|NM_MODALIDADE_PROGRAMA|NM_NIVEL_PROGRAMA|CD_AREA_AVALIACAO|NM_AREA_AVALIACAO|NR_SEQUENCIAL_DISCENTE|NM_DISCENTE|NM_PAIS_ORIGEM_DISCENTE|AN_NASCIMENTO_DISCENTE|NR_IDADE_DISCENTE|DS_FAIXA_ETARIA_DISCENTE|AN_MATRICULA_DISCENTE|ME_MATRICULA_DISCENTE|NM_SITUACAO_DISCENTE|AN_SITUACAO_DISCENTE|ME_SITUACAO_DISCENTE|NM_NIVEL_TITULACAO_DISCENTE|NM_NIVEL_CONCLUSAO_DISCENTE|NR_SEQUENCIAL_TESE|NM_TESE_DISSERTACAO|DT_TESE_DISSERTACAO|NR_SEQ_ORIENTADOR_PRINCIPAL|NM_ORIENTADOR_PRINCIPAL|NM_TIPO_DOCENTE_ORIENT_PRINC
br-capes-colsucup-discentes-2007-2021-03-01.csv,cp1252,31,AN_BASE|SG_ENTIDADE_ENSINO|NM_ENTIDADE_ENSINO|CS_STATUS_JURIDICO|NM_REGIAO_ENTIDADE|SG_UF_ENTIDADE_ENSINO|CD_PROGRAMA_IES|NM_PROGRAMA_IES|NM_MODALIDADE_PROGRAMA|NM_NIVEL_PROGRAMA|CD_AREA_AVALIACAO|NM_AREA_AVALIACAO|NR_SEQUENCIAL_DISCENTE|NM_DISCENTE|NM_PAIS_ORIGEM_DISCENTE|AN_NASCIMENTO_DISCENTE|NR_IDADE_DISCENTE|DS_FAIXA_ETARIA_DISCENTE|AN_MATRICULA_DISCENTE|ME_MATRICULA_DISCENTE|NM_SITUACAO_DISCENTE|AN_SITUACAO_DISCENTE|ME_SITUACAO_DISCENTE|NM_NIVEL_TITULACAO_DISCENTE|NM_NIVEL_CONCLUSAO_DISCENTE|NR_SEQUENCIAL_TESE|NM_TESE_DISSERTACAO|DT_TESE_DISSERTACAO|NR_SEQ_ORIENTADOR_PRINCIPAL|NM_ORIENTADOR_PRINCIPAL|NM_TIPO_DOCENTE_ORIENT_PRINC
br-capes-colsucup-discentes-2008-2021-03-01.csv,cp1252,31,AN_BASE|SG_ENTIDADE_ENSINO|NM_ENTIDADE_ENSINO|CS_STATUS_JURIDICO|NM_REGIAO_ENTIDADE|SG_UF_ENTIDADE_ENSINO|CD_PROGRAMA_IES|NM_PROGRAMA_IES|NM_MODALIDADE_PROGRAMA|NM_NIVEL_PROGRAMA|CD_AREA_AVALIACAO|NM_AREA_AVALIACAO|NR_SEQUENCIAL_DISCENTE|NM_DISCENTE|NM_PAIS_ORIGEM_DISCENTE|AN_NASCIMENTO_DISCENTE|NR_IDADE_DISCENTE|DS_FAIXA_ETARIA_DISCENTE|AN_MATRICULA_DISCENTE|ME_MATRICULA_DISCENTE|NM_SITUACAO_DISCENTE|AN_SITUACAO_DISCENTE|ME_SITUACAO_DISCENTE|NM_NIVEL_TITULACAO_DISCENTE|NM_NIVEL_CONCLUSAO_DISCENTE|NR_SEQUENCIAL_TESE|NM_TESE_DISSERTACAO|DT_TESE_DISSERTACAO|NR_SEQ_ORIENTADOR_PRINCIPAL|NM_ORIENTADOR_PRINCIPAL|NM_TIPO_DOCENTE_ORIENT_PRINC
br-capes-colsucup-discentes-2009-2021-03-01.csv,cp1252,31,AN_BASE|SG_ENTIDADE_ENSINO|NM_ENTIDADE_ENSINO|CS_STATUS_JURIDICO|NM_REGIAO_ENTIDADE|SG_UF_ENTIDADE_ENSINO|CD_PROGRAMA_IES|NM_PROGRAMA_IES|NM_MODALIDADE_PROGRAMA|NM_NIVEL_PROGRAMA|CD_AREA_AVALIACAO|NM_AREA_AVALIACAO|NR_SEQUENCIAL_DISCENTE|NM_DISCENTE|NM_PAIS_ORIGEM_DISCENTE|AN_NASCIMENTO_DISCENTE|NR_IDADE_DISCENTE|DS_FAIXA_ETARIA_DISCENTE|AN_MATRICULA_DISCENTE|ME_MATRICULA_DISCENTE|NM_SITUACAO_DISCENTE|AN_SITUACAO_DISCENTE|ME_SITUACAO_DISCENTE|NM_NIVEL_TITULACAO_DISCENTE|NM_NIVEL_CONCLUSAO_DISCENTE|NR_SEQUENCIAL_TESE|NM_TESE_DISSERTACAO|DT_TESE_DISSERTACAO|NR_SEQ_ORIENTADOR_PRINCIPAL|NM_ORIENTADOR_PRINCIPAL|NM_TIPO_DOCENTE_ORIENT_PRINC
br-capes-colsucup-discentes-2010-2021-03-01.csv,cp1252,31,AN_BASE|SG_ENTIDADE_ENSINO|NM_ENTIDADE_ENSINO|CS_STATUS_JURIDICO|NM_REGIAO_ENTIDADE|SG_UF_ENTIDADE_ENSINO|CD_PROGRAMA_IES|NM_PROGRAMA_IES|NM_MODALIDADE_PROGRAMA|NM_NIVEL_PROGRAMA|CD_AREA_AVALIACAO|NM_AREA_AVALIACAO|NR_SEQUENCIAL_DISCENTE|NM_DISCENTE|NM_PAIS_ORIGEM_DISCENTE|AN_NASCIMENTO_DISCENTE|NR_IDADE_DISCENTE|DS_FAIXA_ETARIA_DISCENTE|AN_MATRICULA_DISCENTE|ME_MATRICULA_DISCENTE|NM_SITUACAO_DISCENTE|AN_SITUACAO_DISCENTE|ME_SITUACAO_DISCENTE|NM_NIVEL_TITULACAO_DISCENTE|NM_NIVEL_CONCLUSAO_DISCENTE|NR_SEQUENCIAL_TESE|NM_TESE_DISSERTACAO|DT_TESE_DISSERTACAO|NR_SEQ_ORIENTADOR_PRINCIPAL|NM_ORIENTADOR_PRINCIPAL|NM_TIPO_DOCENTE_ORIENT_PRINC
br-capes-colsucup-discentes-2011-2021-03-01.csv,cp1252,31,AN_BASE|SG_ENTIDADE_ENSINO|NM_ENTIDADE_ENSINO|CS_STATUS_JURIDICO|NM_REGIAO_ENTIDADE|SG_UF_ENTIDADE_ENSINO|CD_PROGRAMA_IES|NM_PROGRAMA_IES|NM_MODALIDADE_PROGRAMA|NM_NIVEL_PROGRAMA|CD_AREA_AVALIACAO|NM_AREA_AVALIACAO|NR_SEQUENCIAL_DISCENTE|NM_DISCENTE|NM_PAIS_ORIGEM_DISCENTE|AN_NASCIMENTO_DISCENTE|NR_IDADE_DISCENTE|DS_FAIXA_ETARIA_DISCENTE|AN_MATRICULA_DISCENTE|ME_MATRICULA_DISCENTE|NM_SITUACAO_DISCENTE|AN_SITUACAO_DISCENTE|ME_SITUACAO_DISCENTE|NM_NIVEL_TITULACAO_DISCENTE|NM_NIVEL_CONCLUSAO_DISCENTE|NR_SEQUENCIAL_TESE|NM_TESE_DISSERTACAO|DT_TESE_DISSERTACAO|NR_SEQ_ORIENTADOR_PRINCIPAL|NM_ORIENTADOR_PRINCIPAL|NM_TIPO_DOCENTE_ORIENT_PRINC
br-capes-colsucup-discentes-2012-2021-03-01.csv,cp1252,31,AN_BASE|SG_ENTIDADE_ENSINO|NM_ENTIDADE_ENSINO|CS_STATUS_JURIDICO|NM_REGIAO_ENTIDADE|SG_UF_ENTIDADE_ENSINO|CD_PROGRAMA_IES|NM_PROGRAMA_IES|NM_MODALIDADE_PROGRAMA|NM_NIVEL_PROGRAMA|CD_AREA_AVALIACAO|NM_AREA_AVALIACAO|NR_SEQUENCIAL_DISCENTE|NM_DISCENTE|NM_PAIS_ORIGEM_DISCENTE|AN_NASCIMENTO_DISCENTE|NR_IDADE_DISCENTE|DS_FAIXA_ETARIA_DISCENTE|AN_MATRICULA_DISCENTE|ME_MATRICULA_DISCENTE|NM_SITUACAO_DISCENTE|AN_SITUACAO_DISCENTE|ME_SITUACAO_DISCENTE|NM_NIVEL_TITULACAO_DISCENTE|NM_NIVEL_CONCLUSAO_DISCENTE|NR_SEQUENCIAL_TESE|NM_TESE_DISSERTACAO|DT_TESE_DISSERTACAO|NR_SEQ_ORIENTADOR_PRINCIPAL|NM_ORIENTADOR_PRINCIPAL|NM_TIPO_DOCENTE_ORIENT_PRINC
