arquivo,programa,no_filtro,linhas
br-capes-colsucup-discentes-2004-2021-03-01.csv,CIENCIA DA COMPUTACAO,sim,299
br-capes-colsucup-discentes-2005-2021-03-01.csv,CIENCIA DA COMPUTACAO,sim,318
br-capes-colsucup-discentes-2006-2021-03-01.csv,CIENCIA DA COMPUTACAO,sim,294
br-capes-colsucup-discentes-2007-2021-03-01.csv,CIENCIA DA COMPUTACAO,sim,239
br-capes-colsucup-discentes-2008-2021-03-01.csv,CIENCIA DA COMPUTACAO,sim,308
br-capes-colsucup-discentes-2009-2021-03-01.csv,CIENCIA DA COMPUTACAO,sim,335
br-capes-colsucup-discentes-2010-2021-03-01.csv,CIENCIA DA COMPUTACAO,sim,329
br-capes-colsucup-discentes-2011-2021-03-01.csv,CIENCIA DA COMPUTACAO,sim,320
br-capes-colsucup-discentes-2012-2021-03-01.csv,CIENCIA DA COMPUTACAO,sim,327
br-capes-colsucup-discentes-2012-2021-03-01.csv,MATEMATICA APLICADA E COMPUTACIONAL,não,10
br-capes-colsucup-discentes-2013-2021-03-01.csv,CIENCIA DA COMPUTACAO,sim,340
br-capes-colsucup-discentes-2013-2021-03-01.csv,MATEMATICA APLICADA E COMPUTACIONAL,não,20
br-capes-colsucup-discentes-2014-2021-03-01.csv,CIENCIA DA COMPUTACAO,sim,331
br-capes-colsucup-discentes-2014-2021-03-01.csv,MATEMATICA APLICADA E COMPUTACIONAL,não,37
br-capes-colsucup-discentes-2015-2021-03-01.csv,CIENCIA DA COMPUTACAO,sim,343
br-capes-colsucup-discentes-2015-2021-03-01.csv,MATEMATICA APLICADA E COMPUTACIONAL,não,43
br-capes-colsucup-discentes-2016-2021-03-01.csv,CIENCIA DA COMPUTACAO,sim,364
br-capes-colsucup-discentes-2016-2021-03-01.csv,MATEMATICA APLICADA E COMPUTACIONAL,não,54
br-capes-colsucup-discentes-2017-2023-12-01.csv,CIENCIA DA COMPUTACAO,sim,355
br-capes-colsucup-discentes-2017-2023-12-01.csv,MATEMATICA APLICADA E COMPUTACIONAL,não,54
br-capes-colsucup-discentes-2018-2023-12-01.csv,CIENCIA DA COMPUTACAO,sim,361
br-capes-colsucup-discentes-2018-2023-12-01.csv,MATEMATICA APLICADA E COMPUTACIONAL,não,57
br-capes-colsucup-discentes-2019-2023-12-01.csv,CIENCIA DA COMPUTACAO,sim,374
br-capes-colsucup-discentes-2019-2023-12-01.csv,MATEMATICA APLICADA E COMPUTACIONAL,não,59
br-capes-colsucup-discentes-2020-2023-12-01.csv,CIENCIA DA COMPUTACAO,sim,380
br-capes-colsucup-discentes-2020-2023-12-01.csv,MATEMATICA APLICADA E COMPUTACIONAL,não,52
br-capes-colsucup-discentes-2021-2025-03-31.csv,CIENCIA DA COMPUTACAO,sim,400
br-capes-colsucup-discentes-2021-2025-03-31.csv,MATEMATICA APLICADA E COMPUTACIONAL,não,45
br-capes-colsucup-discentes-2022-2025-03-31.csv,CIENCIA DA COMPUTACAO,sim,404
br-capes-colsucup-discentes-2022-2025-03-31.csv,MATEMATICA APLICADA E COMPUTACIONAL,não,40
br-capes-colsucup-discentes-2023-2025-03-31.csv,CIENCIA DA COMPUTACAO,sim,412
br-capes-colsucup-discentes-2023-2025-03-31.csv,MATEMATICA APLICADA E COMPUTACIONAL,não,34
br-capes-colsucup-discentes-2024-2025-12-01.csv,CIENCIA DA COMPUTACAO,sim,445
br-capes-colsucup-discentes-2024-2025-12-01.csv,MATEMATICA APLICADA E COMPUTACIONAL,não,66
