arquivo,grau,situacao,linhas
br-capes-colsucup-discentes-2004-2021-03-01.csv,?,ABANDONO,2
br-capes-colsucup-discentes-2004-2021-03-01.csv,?,DESLIGADO,23
br-capes-colsucup-discentes-2004-2021-03-01.csv,?,MATRICULADO,202
br-capes-colsucup-discentes-2004-2021-03-01.csv,?,MUDANÇA DE NÍVEL COM DEFESA,10
br-capes-colsucup-discentes-2004-2021-03-01.csv,?,TITULADO,62
br-capes-colsucup-discentes-2005-2021-03-01.csv,?,DESLIGADO,31
br-capes-colsucup-discentes-2005-2021-03-01.csv,?,MATRICULADO,233
br-capes-colsucup-discentes-2005-2021-03-01.csv,?,MUDANÇA DE NÍVEL COM DEFESA,7
br-capes-colsucup-discentes-2005-2021-03-01.csv,?,TITULADO,47
br-capes-colsucup-discentes-2006-2021-03-01.csv,?,DESLIGADO,32
br-capes-colsucup-discentes-2006-2021-03-01.csv,?,MATRICULADO,189
br-capes-colsucup-discentes-2006-2021-03-01.csv,?,MUDANÇA DE NÍVEL COM DEFESA,17
br-capes-colsucup-discentes-2006-2021-03-01.csv,?,MUDANÇA DE NÍVEL SEM DEFESA,1
br-capes-colsucup-discentes-2006-2021-03-01.csv,?,TITULADO,55
br-capes-colsucup-discentes-2007-2021-03-01.csv,?,DESLIGADO,15
br-capes-colsucup-discentes-2007-2021-03-01.csv,?,MATRICULADO,182
br-capes-colsucup-discentes-2007-2021-03-01.csv,?,MUDANÇA DE NÍVEL COM DEFESA,12
br-capes-colsucup-discentes-2007-2021-03-01.csv,?,TITULADO,30
br-capes-colsucup-discentes-2008-2021-03-01.csv,?,DESLIGADO,15
br-capes-colsucup-discentes-2008-2021-03-01.csv,?,MATRICULADO,256
br-capes-colsucup-discentes-2008-2021-03-01.csv,?,MUDANÇA DE NÍVEL COM DEFESA,4
br-capes-colsucup-discentes-2008-2021-03-01.csv,?,MUDANÇA DE NÍVEL SEM DEFESA,1
br-capes-colsucup-discentes-2008-2021-03-01.csv,?,TITULADO,32
br-capes-colsucup-discentes-2009-2021-03-01.csv,?,DESLIGADO,34
br-capes-colsucup-discentes-2009-2021-03-01.csv,?,MATRICULADO,252
br-capes-colsucup-discentes-2009-2021-03-01.csv,?,MUDANÇA DE NÍVEL COM DEFESA,14
br-capes-colsucup-discentes-2009-2021-03-01.csv,?,MUDANÇA DE NÍVEL SEM DEFESA,2
br-capes-colsucup-discentes-2009-2021-03-01.csv,?,TITULADO,33
br-capes-colsucup-discentes-2010-2021-03-01.csv,?,DESLIGADO,23
br-capes-colsucup-discentes-2010-2021-03-01.csv,?,MATRICULADO,246
br-capes-colsucup-discentes-2010-2021-03-01.csv,?,MUDANÇA DE NÍVEL COM DEFESA,16
br-capes-colsucup-discentes-2010-2021-03-01.csv,?,MUDANÇA DE NÍVEL SEM DEFESA,1
br-capes-colsucup-discentes-2010-2021-03-01.csv,?,TITULADO,43
br-capes-colsucup-discentes-2011-2021-03-01.csv,?,DESLIGADO,36
br-capes-colsucup-discentes-2011-2021-03-01.csv,?,MATRICULADO,231
br-capes-colsucup-discentes-2011-2021-03-01.csv,?,MUDANÇA DE NÍVEL COM DEFESA,14
br-capes-colsucup-discentes-2011-2021-03-01.csv,?,MUDANÇA DE NÍVEL SEM DEFESA,1
br-capes-colsucup-discentes-2011-2021-03-01.csv,?,TITULADO,38
br-capes-colsucup-discentes-2012-2021-03-01.csv,?,DESLIGADO,31
br-capes-colsucup-discentes-2012-2021-03-01.csv,?,MATRICULADO,241
br-capes-colsucup-discentes-2012-2021-03-01.csv,?,MUDANÇA DE NÍVEL COM DEFESA,17
br-capes-colsucup-discentes-2012-2021-03-01.csv,?,TITULADO,38
br-capes-colsucup-discentes-2013-2021-03-01.csv,DOUTORADO,ABANDONOU,1
br-capes-colsucup-discentes-2013-2021-03-01.csv,DOUTORADO,DESLIGADO,4
br-capes-colsucup-discentes-2013-2021-03-01.csv,DOUTORADO,MATRICULADO,130
br-capes-colsucup-discentes-2013-2021-03-01.csv,DOUTORADO,TITULADO,18
br-capes-colsucup-discentes-2013-2021-03-01.csv,MESTRADO,DESLIGADO,18
br-capes-colsucup-discentes-2013-2021-03-01.csv,MESTRADO,MATRICULADO,127
br-capes-colsucup-discentes-2013-2021-03-01.csv,MESTRADO,MUDANÇA DE NÍVEL SEM DEFESA,2
br-capes-colsucup-discentes-2013-2021-03-01.csv,MESTRADO,TITULADO,40
br-capes-colsucup-discentes-2014-2021-03-01.csv,DOUTORADO,DESLIGADO,4
br-capes-colsucup-discentes-2014-2021-03-01.csv,DOUTORADO,MATRICULADO,143
br-capes-colsucup-discentes-2014-2021-03-01.csv,DOUTORADO,TITULADO,14
br-capes-colsucup-discentes-2014-2021-03-01.csv,MESTRADO,DESLIGADO,21
br-capes-colsucup-discentes-2014-2021-03-01.csv,MESTRADO,MATRICULADO,118
br-capes-colsucup-discentes-2014-2021-03-01.csv,MESTRADO,TITULADO,31
br-capes-colsucup-discentes-2015-2021-03-01.csv,DOUTORADO,ABANDONOU,2
br-capes-colsucup-discentes-2015-2021-03-01.csv,DOUTORADO,DESLIGADO,4
br-capes-colsucup-discentes-2015-2021-03-01.csv,DOUTORADO,MATRICULADO,150
br-capes-colsucup-discentes-2015-2021-03-01.csv,DOUTORADO,TITULADO,18
br-capes-colsucup-discentes-2015-2021-03-01.csv,MESTRADO,DESLIGADO,7
br-capes-colsucup-discentes-2015-2021-03-01.csv,MESTRADO,MATRICULADO,119
br-capes-colsucup-discentes-2015-2021-03-01.csv,MESTRADO,TITULADO,43
br-capes-colsucup-discentes-2016-2021-03-01.csv,DOUTORADO,ABANDONOU,1
br-capes-colsucup-discentes-2016-2021-03-01.csv,DOUTORADO,DESLIGADO,7
br-capes-colsucup-discentes-2016-2021-03-01.csv,DOUTORADO,MATRICULADO,148
br-capes-colsucup-discentes-2016-2021-03-01.csv,DOUTORADO,TITULADO,24
br-capes-colsucup-discentes-2016-2021-03-01.csv,MESTRADO,DESLIGADO,14
br-capes-colsucup-discentes-2016-2021-03-01.csv,MESTRADO,MATRICULADO,133
br-capes-colsucup-discentes-2016-2021-03-01.csv,MESTRADO,TITULADO,37
br-capes-colsucup-discentes-2017-2023-12-01.csv,DOUTORADO,ABANDONOU,1
br-capes-colsucup-discentes-2017-2023-12-01.csv,DOUTORADO,DESLIGADO,13
br-capes-colsucup-discentes-2017-2023-12-01.csv,DOUTORADO,MATRICULADO,145
br-capes-colsucup-discentes-2017-2023-12-01.csv,DOUTORADO,TITULADO,17
br-capes-colsucup-discentes-2017-2023-12-01.csv,MESTRADO,ABANDONOU,1
br-capes-colsucup-discentes-2017-2023-12-01.csv,MESTRADO,DESLIGADO,7
br-capes-colsucup-discentes-2017-2023-12-01.csv,MESTRADO,MATRICULADO,129
br-capes-colsucup-discentes-2017-2023-12-01.csv,MESTRADO,MUDANCA DE NÍVEL SEM DEFESA,2
br-capes-colsucup-discentes-2017-2023-12-01.csv,MESTRADO,TITULADO,40
br-capes-colsucup-discentes-2018-2023-12-01.csv,DOUTORADO,ABANDONOU,1
br-capes-colsucup-discentes-2018-2023-12-01.csv,DOUTORADO,DESLIGADO,10
br-capes-colsucup-discentes-2018-2023-12-01.csv,DOUTORADO,MATRICULADO,143
br-capes-colsucup-discentes-2018-2023-12-01.csv,DOUTORADO,TITULADO,17
br-capes-colsucup-discentes-2018-2023-12-01.csv,MESTRADO,DESLIGADO,13
br-capes-colsucup-discentes-2018-2023-12-01.csv,MESTRADO,MATRICULADO,139
br-capes-colsucup-discentes-2018-2023-12-01.csv,MESTRADO,MUDANCA DE NÍVEL SEM DEFESA,1
br-capes-colsucup-discentes-2018-2023-12-01.csv,MESTRADO,TITULADO,37
br-capes-colsucup-discentes-2019-2023-12-01.csv,DOUTORADO,DESLIGADO,11
br-capes-colsucup-discentes-2019-2023-12-01.csv,DOUTORADO,MATRICULADO,138
br-capes-colsucup-discentes-2019-2023-12-01.csv,DOUTORADO,TITULADO,15
br-capes-colsucup-discentes-2019-2023-12-01.csv,MESTRADO,DESLIGADO,29
br-capes-colsucup-discentes-2019-2023-12-01.csv,MESTRADO,MATRICULADO,146
br-capes-colsucup-discentes-2019-2023-12-01.csv,MESTRADO,TITULADO,35
br-capes-colsucup-discentes-2020-2023-12-01.csv,DOUTORADO,ABANDONOU,1
br-capes-colsucup-discentes-2020-2023-12-01.csv,DOUTORADO,DESLIGADO,3
br-capes-colsucup-discentes-2020-2023-12-01.csv,DOUTORADO,MATRICULADO,156
br-capes-colsucup-discentes-2020-2023-12-01.csv,DOUTORADO,TITULADO,15
br-capes-colsucup-discentes-2020-2023-12-01.csv,MESTRADO,ABANDONOU,1
br-capes-colsucup-discentes-2020-2023-12-01.csv,MESTRADO,DESLIGADO,10
br-capes-colsucup-discentes-2020-2023-12-01.csv,MESTRADO,MATRICULADO,140
br-capes-colsucup-discentes-2020-2023-12-01.csv,MESTRADO,TITULADO,54
br-capes-colsucup-discentes-2021-2025-03-31.csv,DOUTORADO,ABANDONOU,2
br-capes-colsucup-discentes-2021-2025-03-31.csv,DOUTORADO,DESLIGADO,4
br-capes-colsucup-discentes-2021-2025-03-31.csv,DOUTORADO,MATRICULADO,177
br-capes-colsucup-discentes-2021-2025-03-31.csv,DOUTORADO,TITULADO,17
br-capes-colsucup-discentes-2021-2025-03-31.csv,MESTRADO,ABANDONOU,6
br-capes-colsucup-discentes-2021-2025-03-31.csv,MESTRADO,DESLIGADO,10
br-capes-colsucup-discentes-2021-2025-03-31.csv,MESTRADO,MATRICULADO,143
br-capes-colsucup-discentes-2021-2025-03-31.csv,MESTRADO,TITULADO,41
br-capes-colsucup-discentes-2022-2025-03-31.csv,DOUTORADO,DESLIGADO,8
br-capes-colsucup-discentes-2022-2025-03-31.csv,DOUTORADO,MATRICULADO,180
br-capes-colsucup-discentes-2022-2025-03-31.csv,DOUTORADO,TITULADO,20
br-capes-colsucup-discentes-2022-2025-03-31.csv,MESTRADO,DESLIGADO,9
br-capes-colsucup-discentes-2022-2025-03-31.csv,MESTRADO,MATRICULADO,151
br-capes-colsucup-discentes-2022-2025-03-31.csv,MESTRADO,TITULADO,36
br-capes-colsucup-discentes-2023-2025-03-31.csv,DOUTORADO,DESLIGADO,14
br-capes-colsucup-discentes-2023-2025-03-31.csv,DOUTORADO,MATRICULADO,163
br-capes-colsucup-discentes-2023-2025-03-31.csv,DOUTORADO,TITULADO,19
br-capes-colsucup-discentes-2023-2025-03-31.csv,MESTRADO,ABANDONOU,1
br-capes-colsucup-discentes-2023-2025-03-31.csv,MESTRADO,DESLIGADO,20
br-capes-colsucup-discentes-2023-2025-03-31.csv,MESTRADO,MATRICULADO,166
br-capes-colsucup-discentes-2023-2025-03-31.csv,MESTRADO,TITULADO,29
br-capes-colsucup-discentes-2024-2025-12-01.csv,DOUTORADO,DESLIGADO,10
br-capes-colsucup-discentes-2024-2025-12-01.csv,DOUTORADO,MATRICULADO,162
br-capes-colsucup-discentes-2024-2025-12-01.csv,DOUTORADO,TITULADO,21
br-capes-colsucup-discentes-2024-2025-12-01.csv,MESTRADO,DESLIGADO,29
br-capes-colsucup-discentes-2024-2025-12-01.csv,MESTRADO,MATRICULADO,188
br-capes-colsucup-discentes-2024-2025-12-01.csv,MESTRADO,MUDANÇA DE NÍVEL SEM DEFESA,1
br-capes-colsucup-discentes-2024-2025-12-01.csv,MESTRADO,TITULADO,34
